,mean_fit_time,std_fit_time,mean_score_time,std_score_time,param_booster,param_eta,param_refresh_leaf,param_subsample,params,split0_test_score,split1_test_score,split2_test_score,split3_test_score,split4_test_score,mean_test_score,std_test_score,rank_test_score,split0_train_score,split1_train_score,split2_train_score,split3_train_score,split4_train_score,mean_train_score,std_train_score
0,0.47592711448669434,0.13775847484792914,0.014991283416748047,0.0016733128899716538,gbtree,0.25,0,0.25,"{'booster': 'gbtree', 'eta': 0.25, 'refresh_leaf': 0, 'subsample': 0.25}",0.31568776058368997,0.7097924373353257,0.47609214236309927,-7.412035745248453,-73.02486825772657,-15.787066332538581,28.782781202662115,45,0.9946920841930348,0.9924536429459603,0.994338669329494,0.992336418829738,0.9923287638706673,0.9932299158337787,0.001056435703512692
1,0.4069674015045166,0.02754745509959457,0.013991212844848633,0.0016724009361691857,gbtree,0.25,0,0.5,"{'booster': 'gbtree', 'eta': 0.25, 'refresh_leaf': 0, 'subsample': 0.5}",0.4130187727495529,0.7002347261140683,0.5246860952601993,-0.08824748985097663,-17.32077879658557,-3.1542173384625456,7.088130068294227,31,0.9979597080153638,0.9972891583860325,0.9981758195913095,0.9975003754382672,0.9973787672210469,0.997660765730404,0.0003458286260137764
2,0.4689313888549805,0.03870452422823029,0.01359243392944336,0.0013554116092221098,gbtree,0.25,0,0.75,"{'booster': 'gbtree', 'eta': 0.25, 'refresh_leaf': 0, 'subsample': 0.75}",0.2605213160066475,0.6868663666070083,0.4752887641477691,0.3486052695998648,-3.209640344553444,-0.28767172563843085,1.4679984903067063,11,0.9985294145335918,0.9977902050213934,0.998479170856049,0.9980213240625584,0.9980165785443571,0.9981673386035899,0.0002879642037591959
3,0.5458869457244873,0.030217149680688494,0.013792085647583007,0.0011654926783953939,gbtree,0.25,0,1.0,"{'booster': 'gbtree', 'eta': 0.25, 'refresh_leaf': 0, 'subsample': 1.0}",0.038781046170938804,0.5872112040274496,0.5797387485757732,0.5015743861516275,-0.23831452828983712,0.2937981713271904,0.33442542850060525,1,0.9985896352651713,0.9978847277356379,0.9985695795548754,0.9981653688522205,0.9981585736787247,0.998273577017326,0.00026968457761652564
4,0.41756091117858884,0.03358089413601017,0.015990829467773436,0.0015480038052182968,gbtree,0.25,1,0.25,"{'booster': 'gbtree', 'eta': 0.25, 'refresh_leaf': 1, 'subsample': 0.25}",0.31568776058368997,0.7097924373353257,0.47609214236309927,-7.412035745248453,-73.02486825772657,-15.787066332538581,28.782781202662115,45,0.9946920841930348,0.9924536429459603,0.994338669329494,0.992336418829738,0.9923287638706673,0.9932299158337787,0.001056435703512692
5,0.48212361335754395,0.03910080844624835,0.014192008972167968,0.002480567617344176,gbtree,0.25,1,0.5,"{'booster': 'gbtree', 'eta': 0.25, 'refresh_leaf': 1, 'subsample': 0.5}",0.4130187727495529,0.7002347261140683,0.5246860952601993,-0.08824748985097663,-17.32077879658557,-3.1542173384625456,7.088130068294227,31,0.9979597080153638,0.9972891583860325,0.9981758195913095,0.9975003754382672,0.9973787672210469,0.997660765730404,0.0003458286260137764
6,0.48852033615112306,0.055149625178418475,0.015390777587890625,0.0018533295568158741,gbtree,0.25,1,0.75,"{'booster': 'gbtree', 'eta': 0.25, 'refresh_leaf': 1, 'subsample': 0.75}",0.2605213160066475,0.6868663666070083,0.4752887641477691,0.3486052695998648,-3.209640344553444,-0.28767172563843085,1.4679984903067063,11,0.9985294145335918,0.9977902050213934,0.998479170856049,0.9980213240625584,0.9980165785443571,0.9981673386035899,0.0002879642037591959
7,0.5272976875305175,0.03780214888937366,0.014192152023315429,0.0024808827989491865,gbtree,0.25,1,1.0,"{'booster': 'gbtree', 'eta': 0.25, 'refresh_leaf': 1, 'subsample': 1.0}",0.038781046170938804,0.5872112040274496,0.5797387485757732,0.5015743861516275,-0.23831452828983712,0.2937981713271904,0.33442542850060525,1,0.9985896352651713,0.9978847277356379,0.9985695795548754,0.9981653688522205,0.9981585736787247,0.998273577017326,0.00026968457761652564
8,0.36559066772460935,0.013868614886619097,0.012392377853393555,0.000799787077840705,gbtree,0.5,0,0.25,"{'booster': 'gbtree', 'eta': 0.5, 'refresh_leaf': 0, 'subsample': 0.25}",0.31199170475391125,0.569485352171069,0.3674837172661778,-27.81498564848771,-403.0796152637005,-85.9291280275994,158.9517732814033,57,0.9967849846149673,0.9945504051039965,0.9971515561110744,0.9960169591673005,0.9943125752059631,0.9957632960406603,0.0011498829429344968
9,0.3967721462249756,0.021978436956453157,0.012992334365844727,0.0010949306043959608,gbtree,0.5,0,0.5,"{'booster': 'gbtree', 'eta': 0.5, 'refresh_leaf': 0, 'subsample': 0.5}",0.37259082063314375,0.5172623175968347,0.42554783701038035,-3.4106430072768115,-13.78423216427837,-3.1758948392629645,5.509872541501061,33,0.9983428220673696,0.9969155181842037,0.9983840994490728,0.9978696230737214,0.9978612732028042,0.9978746671954342,0.0005289351327168759
10,0.44774374961853025,0.02879403893609467,0.012192964553833008,0.001164953053120245,gbtree,0.5,0,0.75,"{'booster': 'gbtree', 'eta': 0.5, 'refresh_leaf': 0, 'subsample': 0.75}",0.23983984698165783,0.7419113881754476,0.5147534215030438,-0.27488699206369027,-7.890896254783,-1.333855718037308,3.296024208785602,21,0.9985401932451766,0.9977777445655255,0.9984437794145357,0.9980810229252985,0.9980691346074761,0.9981823749516024,0.0002768348181021594
11,0.6058533191680908,0.15554579084777168,0.013792276382446289,0.0017195310969557248,gbtree,0.5,0,1.0,"{'booster': 'gbtree', 'eta': 0.5, 'refresh_leaf': 0, 'subsample': 1.0}",-0.0011926427681197005,0.48032506476341874,0.48592580496552806,0.15428182710185523,-2.405542324369753,-0.2572404540614141,1.0905421567869495,7,0.9986244955605798,0.9978986976813146,0.9985749697032877,0.9981875217532018,0.9981843638593764,0.998294009711552,0.0002712168552236753
12,0.39797244071960447,0.03878720673097527,0.03418092727661133,0.040888300861501914,gbtree,0.5,1,0.25,"{'booster': 'gbtree', 'eta': 0.5, 'refresh_leaf': 1, 'subsample': 0.25}",0.31199170475391125,0.569485352171069,0.3674837172661778,-27.81498564848771,-403.0796152637005,-85.9291280275994,158.9517732814033,57,0.9967849846149673,0.9945504051039965,0.9971515561110744,0.9960169591673005,0.9943125752059631,0.9957632960406603,0.0011498829429344968
13,0.40137057304382323,0.008376469211024702,0.013392162322998048,0.0010194307660758078,gbtree,0.5,1,0.5,"{'booster': 'gbtree', 'eta': 0.5, 'refresh_leaf': 1, 'subsample': 0.5}",0.37259082063314375,0.5172623175968347,0.42554783701038035,-3.4106430072768115,-13.78423216427837,-3.1758948392629645,5.509872541501061,33,0.9983428220673696,0.9969155181842037,0.9983840994490728,0.9978696230737214,0.9978612732028042,0.9978746671954342,0.0005289351327168759
14,0.44774389266967773,0.01642217172947786,0.01299271583557129,0.0006321844498282794,gbtree,0.5,1,0.75,"{'booster': 'gbtree', 'eta': 0.5, 'refresh_leaf': 1, 'subsample': 0.75}",0.23983984698165783,0.7419113881754476,0.5147534215030438,-0.27488699206369027,-7.890896254783,-1.333855718037308,3.296024208785602,21,0.9985401932451766,0.9977777445655255,0.9984437794145357,0.9980810229252985,0.9980691346074761,0.9981823749516024,0.0002768348181021594
15,0.5392914772033691,0.0611881141295047,0.012792444229125977,0.0011657463159640404,gbtree,0.5,1,1.0,"{'booster': 'gbtree', 'eta': 0.5, 'refresh_leaf': 1, 'subsample': 1.0}",-0.0011926427681197005,0.48032506476341874,0.48592580496552806,0.15428182710185523,-2.405542324369753,-0.2572404540614141,1.0905421567869495,7,0.9986244955605798,0.9978986976813146,0.9985749697032877,0.9981875217532018,0.9981843638593764,0.998294009711552,0.0002712168552236753
16,0.39857144355773927,0.014012948337935845,0.013591623306274414,0.0007995844082829917,gbtree,0.75,0,0.25,"{'booster': 'gbtree', 'eta': 0.75, 'refresh_leaf': 0, 'subsample': 0.25}",0.3165984458910367,0.40586482595905626,-0.06968479970633457,-68.09417730057392,-636.900885791354,-140.8684569239568,249.42342084903498,59,0.9957924395412174,0.9917274727849867,0.9947185007786998,0.9939758144267777,0.9916396644063665,0.9935707783876098,0.0016458478614196556
17,0.40596761703491213,0.013709373912390192,0.012992620468139648,0.0008939892287623086,gbtree,0.75,0,0.5,"{'booster': 'gbtree', 'eta': 0.75, 'refresh_leaf': 0, 'subsample': 0.5}",0.3239938293318846,0.42339578507397846,0.34442722566978634,-10.487410782821499,-54.48599979546872,-12.776318747642915,21.274121467353925,41,0.9983860864074259,0.9957842187751409,0.9983078014761386,0.997619634699895,0.99770878347792,0.997561304967304,0.0009402881542214836
18,0.44954257011413573,0.015267601388696529,0.012792634963989257,0.0015991092339173265,gbtree,0.75,0,0.75,"{'booster': 'gbtree', 'eta': 0.75, 'refresh_leaf': 0, 'subsample': 0.75}",0.02581162367329226,0.7094259912516974,0.3361845821386067,-6.403631249665494,-31.54228025781441,-7.3748978620832615,12.366028596228036,39,0.998482035412878,0.9977359925482393,0.9983952752447499,0.998042234496547,0.9980377089862764,0.9981386493377382,0.00027032873285473736
19,0.5197021007537842,0.010348359799266817,0.012593507766723633,0.0004884236284635128,gbtree,0.75,0,1.0,"{'booster': 'gbtree', 'eta': 0.75, 'refresh_leaf': 0, 'subsample': 1.0}",-0.19157662679749987,0.43365582908487843,0.4793489773304287,-0.2723645098488021,-3.542527221105215,-0.6186927102672419,1.4942765884473743,15,0.9986250814431713,0.9978987972632041,0.9985751729070484,0.998187946408442,0.9981851025897192,0.998294420122317,0.00027127972890574726
20,0.4005715370178223,0.004788532673543587,0.013790273666381836,0.0017201867774355982,gbtree,0.75,1,0.25,"{'booster': 'gbtree', 'eta': 0.75, 'refresh_leaf': 1, 'subsample': 0.25}",0.3165984458910367,0.40586482595905626,-0.06968479970633457,-68.09417730057392,-636.900885791354,-140.8684569239568,249.42342084903498,59,0.9957924395412174,0.9917274727849867,0.9947185007786998,0.9939758144267777,0.9916396644063665,0.9935707783876098,0.0016458478614196556
21,0.4149625778198242,0.026103135924491577,0.012792682647705078,0.0009792480200075857,gbtree,0.75,1,0.5,"{'booster': 'gbtree', 'eta': 0.75, 'refresh_leaf': 1, 'subsample': 0.5}",0.3239938293318846,0.42339578507397846,0.34442722566978634,-10.487410782821499,-54.48599979546872,-12.776318747642915,21.274121467353925,41,0.9983860864074259,0.9957842187751409,0.9983078014761386,0.997619634699895,0.99770878347792,0.997561304967304,0.0009402881542214836
22,0.4769277095794678,0.0380434425376129,0.013791418075561524,0.0011657461501752792,gbtree,0.75,1,0.75,"{'booster': 'gbtree', 'eta': 0.75, 'refresh_leaf': 1, 'subsample': 0.75}",0.02581162367329226,0.7094259912516974,0.3361845821386067,-6.403631249665494,-31.54228025781441,-7.3748978620832615,12.366028596228036,39,0.998482035412878,0.9977359925482393,0.9983952752447499,0.998042234496547,0.9980377089862764,0.9981386493377382,0.00027032873285473736
23,0.5241000175476074,0.013222153790837531,0.013392162322998048,0.000489628932452029,gbtree,0.75,1,1.0,"{'booster': 'gbtree', 'eta': 0.75, 'refresh_leaf': 1, 'subsample': 1.0}",-0.19157662679749987,0.43365582908487843,0.4793489773304287,-0.2723645098488021,-3.542527221105215,-0.6186927102672419,1.4942765884473743,15,0.9986250814431713,0.9978987972632041,0.9985751729070484,0.998187946408442,0.9981851025897192,0.998294420122317,0.00027127972890574726
24,0.4189601898193359,0.018334958719687225,0.012592458724975586,0.0013556435508130375,gbtree,1.0,0,0.25,"{'booster': 'gbtree', 'eta': 1.0, 'refresh_leaf': 0, 'subsample': 0.25}",0.2101479937905043,-1.434530133743595,-1.7136437723020443,-781.8429103701002,-2701.5583992267225,-697.2678671018156,1046.7844827927788,61,0.9919262148799062,0.9678874286694514,0.9611375260770589,0.9483722472759261,0.956613713159499,0.9651874260123684,0.014798062859435343
25,0.41636195182800295,0.011510413896251202,0.013192224502563476,0.0013259643598670363,gbtree,1.0,0,0.5,"{'booster': 'gbtree', 'eta': 1.0, 'refresh_leaf': 0, 'subsample': 0.5}",0.3833217894024027,0.32797060087596897,0.15333935921711084,-18.380142165053627,-216.00397707414203,-46.703897497940034,84.95829040609512,53,0.9982266777916212,0.9958971690358803,0.9982108949920707,0.9975398434447642,0.9974517156411389,0.9974652601810952,0.0008485733918101718
26,0.46393837928771975,0.010125197585179675,0.013188886642456054,0.0019417078261298893,gbtree,1.0,0,0.75,"{'booster': 'gbtree', 'eta': 1.0, 'refresh_leaf': 0, 'subsample': 0.75}",0.35958599173488137,0.6487955881665163,0.29599875162468026,-13.347180894424774,-14.403674097150938,-5.289294932009927,7.019511578424026,35,0.9984033196882642,0.9976698770120325,0.9983223920651773,0.997987960019546,0.9979817049098137,0.9980730507389668,0.000264341529446941
27,0.5350931644439697,0.013506754749301925,0.01339259147644043,0.0007994651936637205,gbtree,1.0,0,1.0,"{'booster': 'gbtree', 'eta': 1.0, 'refresh_leaf': 0, 'subsample': 1.0}",-0.2551181758825518,0.17048391333892698,0.5215678374355419,-0.5359284872537369,-7.989389859296704,-1.6176769543317047,3.2062239186252657,23,0.9986250872086008,0.9978988035820674,0.9985751749059774,0.9981879671803442,0.9981851399349249,0.9982944345623828,0.0002712750650491821
28,0.4103651523590088,0.009763558464565317,0.011792993545532227,0.0007479077141614922,gbtree,1.0,1,0.25,"{'booster': 'gbtree', 'eta': 1.0, 'refresh_leaf': 1, 'subsample': 0.25}",0.2101479937905043,-1.434530133743595,-1.7136437723020443,-781.8429103701002,-2701.5583992267225,-697.2678671018156,1046.7844827927788,61,0.9919262148799062,0.9678874286694514,0.9611375260770589,0.9483722472759261,0.956613713159499,0.9651874260123684,0.014798062859435343
29,0.4135636329650879,0.012960359589115624,0.014191102981567384,0.0003999718894366671,gbtree,1.0,1,0.5,"{'booster': 'gbtree', 'eta': 1.0, 'refresh_leaf': 1, 'subsample': 0.5}",0.3833217894024027,0.32797060087596897,0.15333935921711084,-18.380142165053627,-216.00397707414203,-46.703897497940034,84.95829040609512,53,0.9982266777916212,0.9958971690358803,0.9982108949920707,0.9975398434447642,0.9974517156411389,0.9974652601810952,0.0008485733918101718
30,0.4607367038726807,0.014288659118837036,0.013391923904418946,0.0013556154802687732,gbtree,1.0,1,0.75,"{'booster': 'gbtree', 'eta': 1.0, 'refresh_leaf': 1, 'subsample': 0.75}",0.35958599173488137,0.6487955881665163,0.29599875162468026,-13.347180894424774,-14.403674097150938,-5.289294932009927,7.019511578424026,35,0.9984033196882642,0.9976698770120325,0.9983223920651773,0.997987960019546,0.9979817049098137,0.9980730507389668,0.000264341529446941
31,0.5406906127929687,0.009812514855728323,0.013792276382446289,0.0015992821006536925,gbtree,1.0,1,1.0,"{'booster': 'gbtree', 'eta': 1.0, 'refresh_leaf': 1, 'subsample': 1.0}",-0.2551181758825518,0.17048391333892698,0.5215678374355419,-0.5359284872537369,-7.989389859296704,-1.6176769543317047,3.2062239186252657,23,0.9986250872086008,0.9978988035820674,0.9985751749059774,0.9981879671803442,0.9981851399349249,0.9982944345623828,0.0002712750650491821
32,5.349138641357422,1.232677511227592,0.03597726821899414,0.0008965007612457218,dart,0.25,0,0.25,"{'booster': 'dart', 'eta': 0.25, 'refresh_leaf': 0, 'subsample': 0.25}",0.2594481157873607,0.6727189124672105,0.6396315256127446,-3.6611415092290303,-103.1506828965332,-21.048005170378982,41.08358242280918,49,0.9929807976220053,0.9938067121559051,0.9946381638982629,0.9931705948386337,0.9920379898398469,0.9933268516709308,0.0008666187471584626
33,5.531632757186889,1.0657681846148088,0.03797836303710937,0.0031606009324525374,dart,0.25,0,0.5,"{'booster': 'dart', 'eta': 0.25, 'refresh_leaf': 0, 'subsample': 0.5}",0.3392968295547065,0.6811548489923825,0.5095550733720976,-1.009407272324645,-15.362680433776394,-2.9684161908363706,6.225947644837873,29,0.9982367231296702,0.9973814018002504,0.9981563898204451,0.9975541210075916,0.9975557946256968,0.9977768860767308,0.00034939568556045537
34,5.358931350708008,1.0834755345739973,0.03697848320007324,0.0008942557713422145,dart,0.25,0,0.75,"{'booster': 'dart', 'eta': 0.25, 'refresh_leaf': 0, 'subsample': 0.75}",0.0947987448697416,0.7317210307915469,0.532615753022339,0.40975591279294066,-1.9276931601402563,-0.03176034373273762,0.9702514354381828,5,0.9985343593240442,0.9977806730055981,0.9984886197364098,0.9980017673055964,0.9979850548686453,0.9981580948480587,0.0002992156546312922
35,5.384717416763306,1.1172076942156228,0.034179973602294925,0.0014691526445367858,dart,0.25,0,1.0,"{'booster': 'dart', 'eta': 0.25, 'refresh_leaf': 0, 'subsample': 1.0}",0.038781046170938804,0.5872112040274496,0.5797387485757732,0.5015743861516275,-0.23831452828983712,0.2937981713271904,0.33442542850060525,1,0.9985896352651716,0.997884727735638,0.9985695795548754,0.9981653688522205,0.9981585736787247,0.998273577017326,0.0002696845776165717
36,5.348337936401367,1.08538693858993,0.035178852081298825,0.0011655744369228527,dart,0.25,1,0.25,"{'booster': 'dart', 'eta': 0.25, 'refresh_leaf': 1, 'subsample': 0.25}",0.2594481157873607,0.6727189124672105,0.6396315256127446,-3.6611415092290303,-103.1506828965332,-21.048005170378982,41.08358242280918,49,0.9929807976220053,0.9938067121559051,0.9946381638982629,0.9931705948386337,0.9920379898398469,0.9933268516709308,0.0008666187471584626
37,5.289171457290649,1.0976889320608474,0.0373781681060791,0.0023313203671523064,dart,0.25,1,0.5,"{'booster': 'dart', 'eta': 0.25, 'refresh_leaf': 1, 'subsample': 0.5}",0.3392968295547065,0.6811548489923825,0.5095550733720976,-1.009407272324645,-15.362680433776394,-2.9684161908363706,6.225947644837873,29,0.9982367231296702,0.9973814018002504,0.9981563898204451,0.9975541210075916,0.9975557946256968,0.9977768860767308,0.00034939568556045537
38,5.523437118530273,1.0810079067549023,0.03478050231933594,0.0013258996390724405,dart,0.25,1,0.75,"{'booster': 'dart', 'eta': 0.25, 'refresh_leaf': 1, 'subsample': 0.75}",0.0947987448697416,0.7317210307915469,0.532615753022339,0.40975591279294066,-1.9276931601402563,-0.03176034373273762,0.9702514354381828,5,0.9985343593240442,0.9977806730055981,0.9984886197364098,0.9980017673055964,0.9979850548686453,0.9981580948480587,0.0002992156546312922
39,5.348738002777099,1.0875736282305881,0.03457999229431152,0.0010185237569308068,dart,0.25,1,1.0,"{'booster': 'dart', 'eta': 0.25, 'refresh_leaf': 1, 'subsample': 1.0}",0.038781046170938804,0.5872112040274496,0.5797387485757732,0.5015743861516275,-0.23831452828983712,0.2937981713271904,0.33442542850060525,1,0.9985896352651716,0.997884727735638,0.9985695795548754,0.9981653688522205,0.9981585736787247,0.998273577017326,0.0002696845776165717
40,5.452477693557739,1.0264506551901795,0.036578941345214847,0.0016239445854528416,dart,0.5,0,0.25,"{'booster': 'dart', 'eta': 0.5, 'refresh_leaf': 0, 'subsample': 0.25}",0.4862440148620668,0.6597382772330406,0.4070672660196035,-18.966953512342116,-152.88802190839914,-34.06038517252531,59.8912026422814,51,0.9964507180079808,0.9956232023430772,0.9959936464175483,0.9942958665784359,0.9937104595839101,0.9952147785861903,0.0010400352164101068
41,5.404906320571899,1.189710701160039,0.03577880859375,0.0007476404967515041,dart,0.5,0,0.5,"{'booster': 'dart', 'eta': 0.5, 'refresh_leaf': 0, 'subsample': 0.5}",0.36820656815444286,0.6672655537284622,0.6423634335020199,-7.306058280247926,-21.022662679011425,-5.330177080774885,8.417485911179357,37,0.9985183711605715,0.9975305151182032,0.9982875555439454,0.9978683755785966,0.9978597066962753,0.9980129048195184,0.00034870831155780536
42,5.42969126701355,1.1793090294339492,0.03457965850830078,0.0013562060467992296,dart,0.5,0,0.75,"{'booster': 'dart', 'eta': 0.5, 'refresh_leaf': 0, 'subsample': 0.75}",0.20903291674195934,0.7481741997036746,0.45930944609723734,-0.24040037029720707,-2.737299482482048,-0.31223665804727674,1.2551945428777882,13,0.9986154428312517,0.9978486537970684,0.9985190046885389,0.9981312118770893,0.9981308964514198,0.9982490419290736,0.00028116985752612276
43,5.603390312194824,1.3724371002863764,0.03418045043945313,0.0013252455008374994,dart,0.5,0,1.0,"{'booster': 'dart', 'eta': 0.5, 'refresh_leaf': 0, 'subsample': 1.0}",-0.0011926427681197005,0.48032506476341874,0.48592580496552806,0.15428182710185523,-2.4055423243699834,-0.25724045406146023,1.0905421567870404,9,0.9986244955605799,0.9978986976813145,0.9985749697032877,0.9981875217532018,0.9981843638593764,0.998294009711552,0.0002712168552237347
44,5.2719810009002686,1.0805417262727839,0.03437991142272949,0.0010190100149560695,dart,0.5,1,0.25,"{'booster': 'dart', 'eta': 0.5, 'refresh_leaf': 1, 'subsample': 0.25}",0.4862440148620668,0.6597382772330406,0.4070672660196035,-18.966953512342116,-152.88802190839914,-34.06038517252531,59.8912026422814,51,0.9964507180079808,0.9956232023430772,0.9959936464175483,0.9942958665784359,0.9937104595839101,0.9952147785861903,0.0010400352164101068
45,5.386516427993774,1.0452442985903498,0.03657875061035156,0.0032598375827490914,dart,0.5,1,0.5,"{'booster': 'dart', 'eta': 0.5, 'refresh_leaf': 1, 'subsample': 0.5}",0.36820656815444286,0.6672655537284622,0.6423634335020199,-7.306058280247926,-21.022662679011425,-5.330177080774885,8.417485911179357,37,0.9985183711605715,0.9975305151182032,0.9982875555439454,0.9978683755785966,0.9978597066962753,0.9980129048195184,0.00034870831155780536
46,5.307560873031616,1.1048140306772256,0.034580326080322264,0.0013554186145480819,dart,0.5,1,0.75,"{'booster': 'dart', 'eta': 0.5, 'refresh_leaf': 1, 'subsample': 0.75}",0.20903291674195934,0.7481741997036746,0.45930944609723734,-0.24040037029720707,-2.737299482482048,-0.31223665804727674,1.2551945428777882,13,0.9986154428312517,0.9978486537970684,0.9985190046885389,0.9981312118770893,0.9981308964514198,0.9982490419290736,0.00028116985752612276
47,5.773494529724121,1.5391273214885692,0.039777183532714845,0.010101625527511666,dart,0.5,1,1.0,"{'booster': 'dart', 'eta': 0.5, 'refresh_leaf': 1, 'subsample': 1.0}",-0.0011926427681197005,0.48032506476341874,0.48592580496552806,0.15428182710185523,-2.4055423243699834,-0.25724045406146023,1.0905421567870404,9,0.9986244955605799,0.9978986976813145,0.9985749697032877,0.9981875217532018,0.9981843638593764,0.998294009711552,0.0002712168552237347
48,5.224608278274536,1.0871939602821667,0.03637914657592774,0.0031352029785907637,dart,0.75,0,0.25,"{'booster': 'dart', 'eta': 0.75, 'refresh_leaf': 0, 'subsample': 0.25}",0.3648550839331446,0.35447601925581684,0.018168352372069263,-62.01766309568258,-309.57018632055417,-74.17006999213514,120.14504025033294,55,0.9959813814153071,0.9940824353904127,0.9940387601545896,0.9920439670916217,0.9918374618007696,0.9935968011705402,0.0015247268593096542
49,5.320154428482056,1.0525773182365161,0.035579347610473634,0.001742623798483649,dart,0.75,0,0.5,"{'booster': 'dart', 'eta': 0.75, 'refresh_leaf': 0, 'subsample': 0.5}",0.3448018631742502,0.5222204871042864,0.42226174240083836,-22.279230447388308,-45.466171088121115,-13.29122348856601,18.334795451098906,43,0.998546641650863,0.9975177487969562,0.998197710045006,0.9977776945561823,0.9976863672891917,0.9979452324676398,0.00037503609261712613
50,5.376921319961548,1.0677438701670956,0.0365788459777832,0.0010189726954567197,dart,0.75,0,0.75,"{'booster': 'dart', 'eta': 0.75, 'refresh_leaf': 0, 'subsample': 0.75}",0.23885210833448944,0.5839216318752641,0.48377200983636004,-2.4394420996550177,-4.363442835238364,-1.0992678369694535,1.9789195236953727,19,0.9986207696267368,0.9978724091674711,0.9985288698617936,0.998142762944455,0.9981370609627261,0.9982603745126365,0.000276235483744315
51,6.175264692306518,1.0931651739252504,0.047172832489013675,0.01926066478475122,dart,0.75,0,1.0,"{'booster': 'dart', 'eta': 0.75, 'refresh_leaf': 0, 'subsample': 1.0}",-0.19157662679749987,0.43365582908487843,0.4793489773304287,-0.2723645098488021,-3.542527221105215,-0.6186927102672419,1.4942765884473743,15,0.9986250814431713,0.9978987972632041,0.9985751729070484,0.998187946408442,0.9981851025897192,0.998294420122317,0.00027127972890574726
52,8.660242986679076,4.979336506995408,0.04217405319213867,0.01335563237884727,dart,0.75,1,0.25,"{'booster': 'dart', 'eta': 0.75, 'refresh_leaf': 1, 'subsample': 0.25}",0.3648550839331446,0.35447601925581684,0.018168352372069263,-62.01766309568258,-309.57018632055417,-74.17006999213514,120.14504025033294,55,0.9959813814153071,0.9940824353904127,0.9940387601545896,0.9920439670916217,0.9918374618007696,0.9935968011705402,0.0015247268593096542
53,5.841055202484131,1.2810028367081812,0.03557929992675781,0.0011995556470004742,dart,0.75,1,0.5,"{'booster': 'dart', 'eta': 0.75, 'refresh_leaf': 1, 'subsample': 0.5}",0.3448018631742502,0.5222204871042864,0.42226174240083836,-22.279230447388308,-45.466171088121115,-13.29122348856601,18.334795451098906,43,0.998546641650863,0.9975177487969562,0.998197710045006,0.9977776945561823,0.9976863672891917,0.9979452324676398,0.00037503609261712613
54,5.450879096984863,1.1023267119965505,0.03557953834533691,0.0007996440800136306,dart,0.75,1,0.75,"{'booster': 'dart', 'eta': 0.75, 'refresh_leaf': 1, 'subsample': 0.75}",0.23885210833448944,0.5839216318752641,0.48377200983636004,-2.4394420996550177,-4.363442835238364,-1.0992678369694535,1.9789195236953727,19,0.9986207696267368,0.9978724091674711,0.9985288698617936,0.998142762944455,0.9981370609627261,0.9982603745126365,0.000276235483744315
55,5.420296335220337,1.1426284541164717,0.037179183959960935,0.0017199524981774403,dart,0.75,1,1.0,"{'booster': 'dart', 'eta': 0.75, 'refresh_leaf': 1, 'subsample': 1.0}",-0.19157662679749987,0.43365582908487843,0.4793489773304287,-0.2723645098488021,-3.542527221105215,-0.6186927102672419,1.4942765884473743,15,0.9986250814431713,0.9978987972632041,0.9985751729070484,0.998187946408442,0.9981851025897192,0.998294420122317,0.00027127972890574726
56,5.320554161071778,1.103979387726383,0.03597855567932129,0.003030760896620872,dart,1.0,0,0.25,"{'booster': 'dart', 'eta': 1.0, 'refresh_leaf': 0, 'subsample': 0.25}",0.1841480487384739,-0.8001137591886656,-1.1651891699853056,-331.65702034767384,-3282.1220410994947,-723.1120432655208,1285.913556036887,63,0.9790402514254803,0.9741383679381025,0.970120275929375,0.9691727273847762,0.9717231051863434,0.9728389455728156,0.0035276653175226355
57,5.369725275039673,1.100836101366958,0.035379552841186525,0.0010192156906041316,dart,1.0,0,0.5,"{'booster': 'dart', 'eta': 1.0, 'refresh_leaf': 0, 'subsample': 0.5}",0.3560410560648857,0.15396857987314183,0.08765306865363498,-46.18083833009358,-52.858387995492414,-19.688312724198866,24.44867634593185,47,0.9985951555904605,0.99739562458189,0.9981661660281623,0.9977778470964768,0.997450495626083,0.9978770577846146,0.00045228840349174226
58,5.406904077529907,1.136862944362735,0.036778926849365234,0.002134273928406917,dart,1.0,0,0.75,"{'booster': 'dart', 'eta': 1.0, 'refresh_leaf': 0, 'subsample': 0.75}",0.18134005060945968,0.4983245845848553,0.3921374094704372,-3.8327361550727757,-11.719191399315063,-2.896025101944617,4.701690969984702,27,0.9986218279878691,0.9978884696174684,0.9985337004234826,0.9981728511214311,0.9981700448278904,0.9982773787956283,0.00026759782775714284
59,5.42129602432251,1.1033459622237656,0.03577976226806641,0.0013261943604668505,dart,1.0,0,1.0,"{'booster': 'dart', 'eta': 1.0, 'refresh_leaf': 0, 'subsample': 1.0}",-0.2551181758825518,0.17048391333892698,0.5215678374355419,-0.5359284872537369,-7.989389859296704,-1.6176769543317047,3.2062239186252657,23,0.9986250872086008,0.9978988035820674,0.9985751749059774,0.9981879671803442,0.9981851399349249,0.9982944345623828,0.0002712750650491821
60,5.565613269805908,1.5259818283591395,0.036179113388061526,0.0013256769144866251,dart,1.0,1,0.25,"{'booster': 'dart', 'eta': 1.0, 'refresh_leaf': 1, 'subsample': 0.25}",0.1841480487384739,-0.8001137591886656,-1.1651891699853056,-331.65702034767384,-3282.1220410994947,-723.1120432655208,1285.913556036887,63,0.9790402514254803,0.9741383679381025,0.970120275929375,0.9691727273847762,0.9717231051863434,0.9728389455728156,0.0035276653175226355
61,5.376121902465821,1.1030081697209835,0.03637881278991699,0.0011992216904183858,dart,1.0,1,0.5,"{'booster': 'dart', 'eta': 1.0, 'refresh_leaf': 1, 'subsample': 0.5}",0.3560410560648857,0.15396857987314183,0.08765306865363498,-46.18083833009358,-52.858387995492414,-19.688312724198866,24.44867634593185,47,0.9985951555904605,0.99739562458189,0.9981661660281623,0.9977778470964768,0.997450495626083,0.9978770577846146,0.00045228840349174226
62,5.574808168411255,1.2769724825869597,0.036178970336914064,0.0019383707936026706,dart,1.0,1,0.75,"{'booster': 'dart', 'eta': 1.0, 'refresh_leaf': 1, 'subsample': 0.75}",0.18134005060945968,0.4983245845848553,0.3921374094704372,-3.8327361550727757,-11.719191399315063,-2.896025101944617,4.701690969984702,27,0.9986218279878691,0.9978884696174684,0.9985337004234826,0.9981728511214311,0.9981700448278904,0.9982773787956283,0.00026759782775714284
63,5.616583967208863,1.0513583874156296,0.039976978302001955,0.007011057136517317,dart,1.0,1,1.0,"{'booster': 'dart', 'eta': 1.0, 'refresh_leaf': 1, 'subsample': 1.0}",-0.2551181758825518,0.17048391333892698,0.5215678374355419,-0.5359284872537369,-7.989389859296704,-1.6176769543317047,3.2062239186252657,23,0.9986250872086008,0.9978988035820674,0.9985751749059774,0.9981879671803442,0.9981851399349249,0.9982944345623828,0.0002712750650491821
