,id,username,category_name,follower,following,ar_effect,type_business,type_professional,verified,reel_count,reel_avg_view,reel_avg_comment,reel_avg_like,reel_avg_duration,reel_frequency,media_count,media_avg_comment,media_avg_like,media_frequency
0,25025320,instagram,Digital creator,634637979,59,TRUE,FALSE,TRUE,TRUE,1256,9406907.25,13544.5,634500.6667,92.46633333,18.55488748,7393,8635.166667,410027.25,1.090776538
1,173560420,cristiano,Athlete,578782007,557,TRUE,FALSE,TRUE,TRUE,387,18249237.58,28318.83333,3607849.917,32.61633333,17.03613021,3475,52543.16667,7980593.083,2.203446097
2,427553890,leomessi,Athlete,457406606,292,FALSE,TRUE,TRUE,TRUE,163,10901379.58,12207.16667,1867137.833,59.27466667,20.5237586,1026,48772.83333,8066776.833,2.714165838
3,460563723,selenagomez,Musician/band,412696308,251,TRUE,FALSE,TRUE,TRUE,261,10374819.42,12646.25,1590331.667,68.10241667,20.82594717,1890,112153.1667,14481840.17,4.458361854
4,12281817,kyliejenner,Public figure,388009361,97,FALSE,FALSE,TRUE,TRUE,412,28439483.67,41880.58333,4658362.583,30.5375,36.6334523,6806,7775,3416259.583,1.16165319
5,232192182,therock,Public figure,376319815,666,FALSE,FALSE,TRUE,TRUE,2805,6486813,8308.166667,842701.1667,139.444,13.0806336,7238,3519.666667,535801.25,0.813759671
6,7719696,arianagrande,Musician,367957136,600,FALSE,FALSE,TRUE,TRUE,1309,9168522.417,40.5,2158336.833,49.31075,18.35243485,4987,2373.583333,3578339.667,13.36004439
7,18428658,kimkardashian,Public figure,353289707,241,FALSE,FALSE,TRUE,TRUE,165,9221392.917,12236.25,948303.75,283.7913333,47.93334491,5829,6657.666667,1582129.833,1.001908894
8,247944034,beyonce,Musician,306232794,0,FALSE,TRUE,TRUE,TRUE,243,6478501.25,17729.25,1179855.833,93.919,52.16688467,2063,57587.41667,4018829.833,12.78044626
9,208560325,khloekardashian,Public figure,304562743,100,FALSE,FALSE,TRUE,TRUE,276,6565852.417,6847.166667,686235.0833,43.95533333,37.98035689,4232,6297.916667,1360984.25,1.075823908
10,6860189,justinbieber,Musician,287142296,737,TRUE,FALSE,TRUE,TRUE,1308,7564334.5,38079.25,1111739.917,185.6108333,1.354458168,7409,33985.83333,3334511.25,6.299850612
11,13460080,nike,,289070323,150,TRUE,TRUE,TRUE,TRUE,69,3454251.333,2649.416667,154017,45.53858333,24.78041584,1104,1191.916667,140902.75,1.094584408
12,6380930,kendalljenner,Fashion Model,285621356,229,FALSE,FALSE,TRUE,TRUE,65,11630842.17,12088.91667,1921141.5,129.2748333,73.56030952,662,12759.66667,3936328.083,2.530270502
13,787132,natgeo,Media/news company,273995569,144,TRUE,TRUE,TRUE,TRUE,1908,1946133.667,1143.666667,155790.3333,41.4635,13.75742328,28015,1257.75,103689.75,0.221980241
14,11830955,taylorswift,Musician,256075430,0,TRUE,FALSE,TRUE,TRUE,93,9249322.583,0,2192315.833,64.48283333,58.30940137,572,0,5408500.917,12.08402695
15,2094200507,virat.kohli,Athlete,246714346,276,TRUE,FALSE,TRUE,TRUE,388,7406048.667,9571.666667,1012977.333,32.4995,4.505866153,1572,31627.41667,4528454.083,1.113381779
16,305701719,jlo,Artist,242965202,1510,FALSE,TRUE,TRUE,TRUE,216,5466022.75,7849.416667,393021.9167,313.8546667,33.13541882,694,5943.666667,529285,2.027405505
17,145821237,kourtneykardash,Entrepreneur,219148003,149,FALSE,FALSE,TRUE,TRUE,187,7029687,4057.333333,681369.0833,68.43316667,45.17483391,4454,3688.333333,1011378.25,2.252630539
18,451573056,nickiminaj,Artist,217433544,656,TRUE,FALSE,FALSE,TRUE,1442,5045842.5,9987.416667,802744.3333,34.51658333,15.47078084,6478,20209.58333,1490201.667,2.415246279
19,26669533,neymarjr,Athlete,208235440,1709,FALSE,FALSE,TRUE,TRUE,371,7063102.833,386.9166667,1479275.917,34.72441667,18.98419949,5435,3471.166667,5764142.583,1.470162037
20,325734299,mileycyrus,Musician/band,205841060,300,FALSE,FALSE,TRUE,TRUE,463,3752851.583,4809.916667,525175.4167,47.91908333,3.325875578,1222,6618.333333,1218917.25,3.393904761
21,407964088,katyperry,Musician/band,197341551,750,TRUE,TRUE,TRUE,TRUE,627,1451024.917,1610.25,160335.3333,99.72475,9.69116278,2187,1657.416667,169939.75,0.73010954
22,9777455,zendaya,Artist,176904515,1779,FALSE,FALSE,TRUE,TRUE,321,19499236.33,15463.91667,3847892.167,78.7135,46.02487806,3545,24541.5,7846286.5,16.57684243
23,6590609,kevinhart4real,Artist,172923991,1012,FALSE,TRUE,TRUE,TRUE,1955,1436938.25,3082.416667,191553.75,199.08825,16.51674041,8654,889.9166667,113463.4167,0.454622354
24,189393625,ddlovato,Musician,153482661,856,TRUE,FALSE,TRUE,TRUE,34,1472965.167,2970.916667,178500.4167,134.8025833,33.65549769,92,7652.666667,737063.5,3.888894262
25,19410587,kingjames,Athlete,151694288,414,FALSE,FALSE,TRUE,TRUE,399,4278881.25,6275.333333,754670.25,122.8979167,11.42560185,2456,6644.833333,1069522.5,2.683406002
26,25945306,badgalriri,Musician/band,148925687,1619,FALSE,FALSE,TRUE,TRUE,460,14295441.42,15371.83333,2238997.333,55.81916667,19.63682143,4876,34544.08333,6643680.5,5.816112186
27,290023231,realmadrid,Sports,137255499,49,TRUE,TRUE,TRUE,TRUE,1582,2120786.583,353.25,159686.4167,15.36866667,22.04675091,8750,571.5,341088.5,0.142551669
28,14455831,champagnepapi,Education,135968722,2991,FALSE,FALSE,TRUE,TRUE,12,3949612.917,9604.5,745262.1667,51.71408333,226.5165385,319,100.3333333,1560516.667,3.792333911
29,29394004,chrisbrownofficial,Artist,138175332,0,FALSE,FALSE,TRUE,TRUE,1773,1465608.667,4331.75,242381.8333,56.89966667,1.521440558,7442,3223.083333,347721,1.772104579
30,260375673,fcbarcelona,Sports,120424952,85,TRUE,TRUE,TRUE,TRUE,1894,4015401.75,8292.166667,769963.75,25.28575,10.28406465,18523,1582.166667,736729.1667,0.104292079
31,28527810,billieeilish,Artist,109108514,0,TRUE,FALSE,TRUE,TRUE,144,16487434.67,22369.75,4473013.833,61.46358333,18.41309995,777,23196.75,4995212.333,2.090581927
32,1269788896,championsleague,Sports league,104881557,449,FALSE,TRUE,TRUE,TRUE,4950,3367739.5,1025.166667,445343.1667,74.852,0.876848874,20576,1602,469294,-0.298395256
33,4213518589,k.mbappe,Athlete,103186447,393,FALSE,TRUE,TRUE,TRUE,71,9060102.75,11012.41667,1861528.667,32.14966667,32.34049363,1228,21762.25,4031731.583,4.226862598
34,20788692,gal_gadot,Artist,101064111,1143,FALSE,FALSE,TRUE,TRUE,294,2866128.75,2491.416667,507141.9167,54.08841667,9.505806133,1743,3583.666667,676155.4167,4.910207505
35,1287006597,vindiesel,Actor,92375625,80,FALSE,FALSE,FALSE,TRUE,439,2769296.667,4068.416667,572174.9167,45.16066667,5.409364501,1895,4573.583333,1120273.083,1.458947834
36,8012033210,lalalalisa_m,,92580449,0,TRUE,FALSE,FALSE,TRUE,39,10547140.25,79976.83333,4847882.583,23.20141667,20.70410987,971,113996.75,9608587.333,3.476312169
37,528817151,nasa,,92086996,79,TRUE,TRUE,TRUE,TRUE,531,2456745,1823.25,436263.9167,431.2811667,21.5352748,3816,5542.25,1121580.167,1.269134094
38,12331195,dualipa,Artist,87838484,1054,TRUE,FALSE,TRUE,TRUE,152,4635244.75,3837.75,1103580.583,55.01075,14.00431093,1442,6510.5,2367772.917,3.579001652
39,178537482,priyankachopra,,86727390,738,FALSE,TRUE,TRUE,TRUE,444,3838268,2244,320697.8333,271.6546667,23.89306415,3680,3092.583333,882722.9167,0.896628967
40,217867189,shakira,Musician/band,85906435,158,TRUE,FALSE,TRUE,TRUE,642,4366019.25,5280.083333,382689.6667,51.42458333,7.271344742,2079,21639.41667,1439610.833,3.651243799
41,1574083,snoopdogg,Musician/band,80212034,6887,FALSE,TRUE,TRUE,TRUE,19797,399600.3333,1047.25,54836.41667,776.0731667,5.816525875,56835,2078.333333,144961,0.175559854
42,296102572,shraddhakapoor,Actor,80230010,805,FALSE,FALSE,TRUE,TRUE,360,1821998.167,2345.916667,379017.5,45.44416667,9.584410797,1946,13111,1638520.917,3.11264856
43,779085683,khaby00,Gaming video creator,78803221,990,FALSE,FALSE,TRUE,TRUE,8,2205030.5,50.5,106739.5,12.8165,38.11893519,359,17899.08333,2344342.333,2.176599371
44,20824486,nba,Sports league,79148726,1118,TRUE,TRUE,TRUE,TRUE,18445,661793.6667,298.8333333,77291.91667,70.91058333,10.3918793,59390,860.8333333,139721.8333,0.002817873
45,186904952,davidbeckham,Public figure,78834797,602,FALSE,FALSE,TRUE,TRUE,334,4074663.25,3011,407362.0833,28.25233333,2.474723297,1647,2234.75,552632,2.879702298
46,12995776,gigihadid,Entrepreneur,78072666,1444,FALSE,FALSE,TRUE,TRUE,155,6928523.667,3236.166667,1382429.083,94.4385,43.83410689,3327,3810.583333,1865008.667,4.537204447
47,7140177628,jennierubyjane,,78029526,0,FALSE,FALSE,FALSE,TRUE,47,7708455,32375,3355496.917,27.54341667,57.53865956,980,43564.25,5514094.25,3.383318782
48,259925762,aliaabhatt,Actor,76893562,511,TRUE,FALSE,TRUE,TRUE,242,7720893.333,4400.333333,1119292.833,86.99683333,7.074410797,1917,7604.5,2673698.333,4.115839781
49,3416684,victoriassecret,Clothing (Brand),74893084,166,TRUE,TRUE,TRUE,TRUE,570,164869.6667,170.0833333,14041.16667,8.135833333,4.365949074,3377,187,27973.58333,0.631179727
50,1550693326,narendramodi,Politician,74685634,0,FALSE,FALSE,TRUE,TRUE,104,6272116.667,12850.33333,1205053.667,165.7580833,36.47621958,585,20720,3180242.75,7.918608134
51,243103112,nehakakkar,Musician,74056900,283,FALSE,FALSE,TRUE,TRUE,21,3255262.75,3792.166667,572758.6667,44.61075,52.30083656,122,2212.333333,414360.75,1.694490741
52,2274763833,bts.bighitofficial,Musician/band,73040638,10,TRUE,FALSE,TRUE,TRUE,33,5490350.167,36106.41667,3074006,25.43791667,104.6922319,1293,6500.916667,2646824.583,0.520870205
53,979177642,ronaldinho,Public figure,72807571,528,TRUE,FALSE,TRUE,TRUE,622,2229101.5,1673.583333,340164.8333,65.2525,3.801848874,3007,964,337050.9167,1.75797991
54,572299277,deepikapadukone,Artist,73804479,184,FALSE,FALSE,TRUE,TRUE,73,2454183,2600.416667,369430.3333,321.796,26.19895321,401,858.3333333,419957.25,0.650404264
55,212742998,shawnmendes,Musician,72190847,1535,TRUE,FALSE,TRUE,TRUE,599,2609301.75,5217.416667,864389.6667,201.50775,26.55496337,2556,11377.08333,2050436.583,12.09125645
56,3562982855,katrinakaif,Actor,71992299,530,FALSE,FALSE,TRUE,TRUE,241,6234984.833,4819.083333,802028.9167,37.67483333,21.23016956,1074,6968.5,2059398.75,9.682331762
57,8011506095,sooyaaa__,Artist,71884756,0,FALSE,FALSE,TRUE,TRUE,47,5631364.417,43874.25,3201865.917,21.78308333,38.4862376,1010,27465,4741959.083,1.437555967
58,232024162,psg,Sports,70453168,105,TRUE,TRUE,TRUE,TRUE,1684,1465872.417,848.5833333,315947.6667,46.95025,12.19010846,11432,957.25,407092.5833,0.25336913
59,1418652011,emmawatson,Public figure,70869669,78,FALSE,FALSE,TRUE,TRUE,56,2606172.583,6638.583333,726993.5833,82.68008333,5.784820188,423,3887.916667,1555162.667,11.66666882
60,8004108750,roses_are_rosie,Artist,70571837,0,FALSE,FALSE,TRUE,TRUE,86,7249740.083,31195.16667,3615938.417,36.58591667,27.32120288,912,57444.33333,6781375.75,3.51422991
61,303054725,justintimberlake,Artist,69331370,1139,FALSE,FALSE,TRUE,TRUE,270,3199225.417,4137.416667,283224.1667,50.2885,42.63480861,798,6826.25,703187.4167,17.81070304
62,1234301500,karimbenzema,Athlete,69323145,135,FALSE,TRUE,TRUE,TRUE,259,2568399.167,3574.583333,620801.4167,33.41625,10.03204969,2117,16.75,1506191.917,3.879308779
63,1918078581,raffinagita1717,Public figure,68563846,5781,TRUE,TRUE,TRUE,TRUE,6153,960093.8333,384.9166667,92369.75,247.4656667,2.794612929,19106,1010.25,437397.5833,0.156251075
64,204633036,marvel,Brand,67894092,190,FALSE,TRUE,TRUE,TRUE,3829,429126.4167,134.0833333,72330.5,27.48825,12.08700876,7871,398,230270.0833,0.287202298
65,176618189,tomholland2013,Actor,67146450,294,FALSE,FALSE,FALSE,TRUE,222,17767625.33,19336.41667,4636422.25,72.34675,32.69688765,1224,34846.58333,7866178.333,38.64102497
66,19596899,camila_cabello,,67124648,1365,TRUE,FALSE,TRUE,TRUE,656,2826750.75,3715.166667,591260.9167,63.06625,13.7993373,2995,6065.916667,1390735.25,4.164293153
67,227407214,jacquelinef143,Actor,66285784,1271,FALSE,FALSE,TRUE,TRUE,448,984450.4167,1295.25,179341.3333,56.40808333,6.69484441,2528,3048.75,612708.8333,2.644485614
68,208502444,premierleague,,66038183,31,FALSE,TRUE,TRUE,TRUE,5134,519479.0833,232.0833333,73857.66667,36.06416667,8.520112763,22802,921.8333333,203734.25,-2.294935682
69,907025384,akshaykumar,Actor,64906396,6,TRUE,TRUE,TRUE,TRUE,702,1865338.667,2614.083333,396252.1667,75.16008333,13.37186987,2079,4170.25,567939.5,4.904151041
70,26633036,anitta,Artist,64153769,3153,TRUE,FALSE,TRUE,TRUE,1176,2529067.083,8092.5,387267.1667,136.8756667,10.51225504,5286,8017.5,744813.5833,-7.994634756
71,369719055,urvashirautela,Actor,64613000,75,TRUE,FALSE,TRUE,TRUE,114,640920.25,749.5833333,84148.58333,72.28858333,9.847066633,1012,3868.5,369686.4167,-29.76457904
72,196434978,anushkasharma,Artist,63314672,569,FALSE,FALSE,TRUE,TRUE,272,3027929.75,1664.25,451340.1667,44.055,24.12361433,1243,11650.58333,3162051.917,3.977084408
73,3132929984,willsmith,Artist,62940390,214,FALSE,FALSE,TRUE,TRUE,845,2796417.917,2906.333333,290269.8333,53.33566667,4.464751818,1479,4699.75,399685.4167,1.873415426
74,44059601,maluma,Artist,62949541,260,FALSE,TRUE,TRUE,TRUE,10,504003.8,1047.2,61601.1,426.7731,92.54811999,52,8057.916667,986769.8333,1.975438986
75,3439002676,milliebobbybrown,Actor,63438077,843,FALSE,FALSE,TRUE,TRUE,136,12141500.67,11245.33333,2690833.583,108.9524167,22.80196676,370,14583.91667,2975728,4.156175429
76,176702683,marcelotwelve,Athlete,63084686,2023,TRUE,TRUE,TRUE,TRUE,245,3008343.917,2822.916667,649348.0833,88.99408333,8.801559523,2816,4742,778900.6667,1.345551504
77,253625977,433,Community,62810676,2616,FALSE,TRUE,TRUE,TRUE,5839,2871510.167,853.75,418387.0833,141.1329167,4.008838541,26724,1837.916667,763642.6667,0.075120039
78,491527077,manchesterunited,Sports,61665689,152,FALSE,TRUE,TRUE,TRUE,4766,1013277.583,1286.666667,240623.3333,37.91608333,17.16858499,25870,1933.833333,295840.9167,-0.011642444
79,46864839,karolg,Just for fun,61786532,921,TRUE,FALSE,TRUE,TRUE,726,22506546.33,70264.5,3261549.417,48.15516667,20.54724537,3318,44507.75,4897137.917,-3.20512624
80,29421778,zacefron,Actor,59607597,277,FALSE,TRUE,TRUE,TRUE,123,6637217.917,6553.583333,892227.5,40.758,85.25841245,680,5896.333333,1408933.583,12.59512541
81,1547627005,beingsalmankhan,Actor,60759950,35,TRUE,FALSE,TRUE,TRUE,444,3654413.25,7723.25,629919.9167,67.24408333,6.431358465,1298,12822.16667,1359268.25,0.502868467
82,637874562,iamzlatanibrahimovic,Writer,59253909,23,FALSE,TRUE,TRUE,TRUE,259,7859002.25,8863,1018483.5,48.69966667,24.18734011,949,4682.25,1000877.75,3.961625743
83,259220806,9gag,Community,58266951,30,TRUE,TRUE,TRUE,TRUE,7511,1778511.333,633.0833333,94305.66667,16.1365,5.669943204,32191,805.5,85289.08333,-0.18576174
84,284920884,whinderssonnunes,Comedian,58662622,1977,FALSE,FALSE,TRUE,TRUE,484,931981.9167,1472.333333,110802.1667,92.06633333,24.27613128,2884,20100.41667,1449269.25,-0.647577795
85,50344278754,thv,Artist,58594057,6,FALSE,FALSE,TRUE,TRUE,11,31682943.82,0.636363636,13944206,49.40554545,11.27000473,77,0.083333333,12688478.17,15.54594502
86,16516077,bellahadid,Scientist,58627306,848,FALSE,FALSE,TRUE,TRUE,301,2592640.917,2763.333333,627027.6667,51.422,10.61984334,3347,3778.583333,1452553.667,-8.895737517
87,2482066817,paulpogba,Athlete,58053142,180,TRUE,TRUE,TRUE,TRUE,431,1930557.667,3658.166667,387766.4167,42.63033333,4.908138723,1369,2805.416667,524521.6667,4.177767278
88,194317179,juventus,Sports,58004627,72,TRUE,TRUE,TRUE,TRUE,2568,416967.5,331.25,78613.33333,48.29125,1.69692452,14183,1683.75,94688.25,-1.103567792
89,1506607755,leonardodicaprio,Public figure,58017181,184,FALSE,FALSE,TRUE,TRUE,376,674483.5833,2373.833333,101970.5,58.27733333,15.90346495,1801,781.5,58198.5,1.900821759
90,510093911,dishapatani,Artist,57631898,158,TRUE,FALSE,TRUE,TRUE,307,3180363.167,2890.333333,581565.0833,57.03575,38.65174983,2044,3294.5,693917.75,1.922909391
91,1521885756,sergioramos,Athlete,58052653,1588,FALSE,FALSE,TRUE,TRUE,462,2690323.75,2364.833333,546544.3333,59.2025,20.83714873,2385,1838.333333,865062.8333,2.173833168
92,602725764,zara,Clothing (Brand),57824842,108,TRUE,TRUE,TRUE,TRUE,748,461705,126.6666667,15082.75,14.01775,3.848698577,4126,94.16666667,12753.83333,0.394367724
93,1822594644,chrishemsworth,Actor,56460171,526,FALSE,FALSE,TRUE,TRUE,317,3711857.167,2736.333333,826950.1667,59.336,11.45252745,937,3472.833333,1085417.667,4.847912615
94,26029182,tatawerneck,Artist,55524996,2656,FALSE,FALSE,TRUE,TRUE,1484,1491099.833,2898.25,146941.9167,32.28583333,8.528576389,5832,315.5833333,49365.83333,1.017013061
95,1518284433,robertdowneyjr,Artist,55434660,8,FALSE,TRUE,TRUE,TRUE,150,7363441.667,5978.333333,1566316.75,108.1914167,42.47453298,470,5240,823057.6667,3.99324289
96,371299822,paulodybala,Athlete,55946089,743,TRUE,FALSE,TRUE,TRUE,117,2793342.583,6149.583333,709557.75,44.18583333,49.79525058,1356,4058.916667,1586614.333,2.791532076
97,695995017,chanelofficial,Clothing (Brand),55646396,3,FALSE,TRUE,TRUE,TRUE,1789,156152.5833,103.75,20482.5,21.14433333,0.90474537,5391,159.0833333,29430.41667,1.211538524
98,184692323,ladygaga,Musician,54915766,91,TRUE,FALSE,TRUE,TRUE,400,3499232.167,8900.25,558844.5833,74.47216667,12.6730725,3590,15091.25,1732593.417,14.53268948
99,24931858,sunnyleone,Actor,54496812,87,FALSE,FALSE,TRUE,TRUE,1087,827616.3333,1380.166667,172703.75,229.1790833,25.1486913,4976,1131.25,144776.8333,0.659368799
100,1497414823,theshaderoom,,28150624,1377,FALSE,TRUE,TRUE,TRUE,37794,2066028.667,5766.083333,122332.5833,82.99133333,16.42103869,137502,3005.333333,64434.66667,0.026295468
101,1399287101,hollywoodunlocked,,3332057,1100,FALSE,FALSE,TRUE,TRUE,41362,107145.4167,257,7474.083333,857.3490833,22.35803671,138506,463.4166667,4405.25,0.015032819
102,1747159416,rvcjinsta,Digital creator,9745973,83,TRUE,FALSE,TRUE,TRUE,5601,676246.5,298.0833333,54059.5,43.06358333,2.466003967,133787,612.5833333,41818.08333,0.008593336
103,364081256,manotoofficial,Broadcasting & media production company,11894947,122,FALSE,TRUE,TRUE,TRUE,59287,216819.9167,410.5,20738.66667,178.5086667,0.52097867,110238,259.0833333,8477.75,0.006586723
104,322396641,tvnnoticias,Media/news company,1734726,618,FALSE,TRUE,TRUE,TRUE,45879,98741.16667,193.8333333,2894.083333,35.22783333,1.368557539,111251,61.41666667,1090.416667,0.022821097
105,1277259526,instablog9ja,Media/news company,6092447,0,FALSE,TRUE,TRUE,TRUE,21583,77706.83333,34.66666667,2227.833333,1925.779333,11.78800843,109174,446.4166667,2531,0.042022485
106,980505357,worldstar,Community,43123440,1990,TRUE,TRUE,TRUE,TRUE,55779,968718.0833,895.9166667,52833.83333,227.6578333,14.09958036,104501,859.0833333,27354.16667,0.024869708
107,199735199,uae_barq,Media/news company,2561681,15,FALSE,TRUE,TRUE,TRUE,25981,5296.916667,10.41666667,264.4166667,2575.241333,6.047574817,102473,113.25,2489.916667,0.07025463
108,104967519,telemetro,TV channel,1609429,904,TRUE,TRUE,TRUE,TRUE,27077,2255.75,2.25,33.58333333,28.188,0.284082671,98679,15.33333333,620.75,-0.01777133
109,634723463,bellanaijaonline,Entertainment website,2103931,6888,FALSE,TRUE,TRUE,TRUE,19328,2252.416667,2,99.25,2274.898167,12.10426248,93707,12.83333333,781.8333333,0.064456019
110,29883180,fashionnova,Clothing (Brand),21554862,10,TRUE,TRUE,TRUE,TRUE,1495,234186.75,67.5,8828.583333,44.18025,13.05577249,84843,47.16666667,3007.666667,-0.729709574
111,241148014,3meed_news,Media/news company,2018280,30,FALSE,TRUE,TRUE,TRUE,13668,39515,60.33333333,2022.416667,47.46375,6.55780415,85387,79.33333333,971.6666667,0.063171296
112,401619695,melodia_musik,Shopping & retail,170390,2522,FALSE,TRUE,TRUE,FALSE,12860,1135,0.5,40.5,1135.632167,12.11289567,82582,2.916666667,287.9166667,-1.159504218
113,1183160492,aboutcirebonid,News & media website,293859,5361,FALSE,FALSE,TRUE,FALSE,10334,11572.08333,9.916666667,553,94.68883333,10.04949182,83356,2,336.9166667,0.084511986
114,1945961331,infodenpasar,Media/news company,1084564,632,FALSE,FALSE,TRUE,FALSE,10857,150382.9167,186.6666667,8637.416667,18.94416667,0.895698743,87911,5.5,817.1666667,0.03078406
115,27817698,radiofarda,Media/news company,3716526,6,FALSE,TRUE,TRUE,TRUE,27302,120782.8333,373.75,13217.5,48.80391667,0.094954778,85824,63.66666667,3503,0.02223702
116,181436401,instantbollywood,Entertainment website,14165680,505,FALSE,FALSE,TRUE,TRUE,4067,247920,145.3333333,22202.75,128.9718333,11.17746958,76943,747.0833333,99906,-0.104556961
117,5496840166,iranintltv,TV channel,9754044,69,FALSE,TRUE,TRUE,TRUE,30035,635571.5,2754.5,82102.33333,143.9759167,0.272741153,77579,383.4166667,14975.08333,0.020381944
118,7197775,fashionbombdaily,Entertainment website,2153799,4568,FALSE,TRUE,TRUE,TRUE,4071,14802.08333,33.91666667,786.25,178.1861667,6.091316467,79076,30.58333333,734.25,-0.093466849
119,1080979607,eldiario,Media/news company,3434812,366,FALSE,TRUE,TRUE,TRUE,13268,300181.75,267.8333333,8174.333333,49.49533333,19.65073776,73586,42.75,1749.833333,0.024123594
120,3105020224,arab2turk,Art,531281,8,FALSE,TRUE,TRUE,FALSE,8662,54468.33333,306.3333333,5885.916667,46.27191667,0.373287037,73094,117,3301.583333,0.061633019
121,352978341,albayannews,News & media website,396651,35,FALSE,TRUE,TRUE,TRUE,24827,5035.75,20.5,262.6666667,66.15041667,2.461147982,70455,15.75,118.75,0.077740078
122,30804427,vladtv,Video creator,958124,51,FALSE,TRUE,TRUE,TRUE,8946,79907.41667,437.5833333,5485.5,208.4931667,22.9131188,69497,62.08333333,297.25,0.047182373
123,3540949711,coppamagz,Media/news company,1425351,70,FALSE,FALSE,TRUE,FALSE,5197,57470.08333,36.5,9322.75,2547.778083,11.66656572,69253,262.3333333,27020.91667,0.026491153
124,2116932867,crictracker,Video creator,2490423,838,TRUE,FALSE,TRUE,TRUE,3339,63752.58333,60.33333333,18981.16667,81.47466667,0.732575892,76292,125.9166667,56806.16667,-0.796604498
125,367005646,dagelan,Arts & entertainment,21830404,639,TRUE,FALSE,TRUE,TRUE,9939,1204215.833,2107.833333,56114.91667,74.48583333,2.456118633,56829,1409.333333,88699.83333,0.090073743
126,241277154,spiritualword,Entertainment website,2596488,1553,FALSE,FALSE,TRUE,FALSE,9266,641650.8333,4566.833333,39890.41667,45.55525,0.197501075,57618,1099.333333,10364.33333,-28.02642551
127,6269882862,memelasdeorizaba,Digital creator,2371937,0,FALSE,FALSE,TRUE,FALSE,3391,842681.6667,2204.5,72252.41667,17.19975,24.7262185,54728,284.8333333,44220,-19.12006515
128,1782156817,cabronazi,Community,11337978,220,FALSE,FALSE,TRUE,TRUE,7047,1165567.167,790.5833333,75641.41667,133.64425,7.37624165,53252,2194.083333,158040.5833,-1.182989089
129,223928005,deertybhr,Blogger,567694,66,FALSE,TRUE,TRUE,FALSE,18088,52264.08333,194,2127.083333,44.294,0.141646742,58080,140.1666667,1504.75,0.133713375
130,205593849,nfl,Sports league,27530675,2155,TRUE,TRUE,TRUE,TRUE,11503,264268.4167,384.5833333,49180.75,42.509,13.36129332,52405,854.5,98479.91667,0.007090855
131,1974171340,viralbhayani,Digital creator,5631454,445,FALSE,FALSE,TRUE,TRUE,14647,353739.1667,307.5,26219.58333,59.597,1.469468667,57718,178.8333333,38357.83333,-0.05745048
132,11954021,complex,,10945582,934,TRUE,TRUE,TRUE,TRUE,7198,573617.1667,471.1666667,65732.5,398.9715,10.65426678,51470,461.4166667,63116.58333,0.046809854
133,1904985708,zonakorea,Blogger,870571,73,TRUE,FALSE,TRUE,FALSE,10288,31669.91667,27.16666667,3996.916667,25.361,5.744215112,51914,104.75,2011,-6.347991238
134,28995773,bleacherreport,News & media website,20968113,661,TRUE,TRUE,TRUE,TRUE,17804,887186.1667,1256.75,123328.1667,58.06708333,27.88694874,47487,2008.833333,217393.9167,-0.658569941
135,591417230,laliga,Sports league,45657426,911,TRUE,FALSE,TRUE,TRUE,7776,263545.75,103.75,36997.16667,36.00575,13.36553241,47402,57.33333333,26942.16667,0.064341352
136,7741887394,tommyphillipsiv,Entrepreneur,1893,1763,FALSE,TRUE,TRUE,FALSE,12488,2,0.833333333,1.916666667,31.66666667,0.782266616,48600,0.416666667,0.416666667,-2.809324405
137,337313916,officialmnctv,TV channel,1994399,808,TRUE,TRUE,TRUE,TRUE,18961,22140.91667,38.83333333,1600.833333,731.01875,15.63043899,51327,19.25,627.6666667,0.082128801
138,505182045,sportscenter,News & media website,34212921,260,TRUE,TRUE,TRUE,TRUE,13498,2285158.333,2989.5,306238,33.07466667,24.81990336,45762,2282.416667,170881.1667,0.03502232
139,305631327,jdemsey,Health/beauty,1066942,7506,FALSE,TRUE,TRUE,TRUE,16421,36428.5,26.25,968.3333333,31.1385,0.101260746,54914,78.66666667,5101.916667,0.032353835
140,3437650607,theybf_daily,Media/news company,327699,2,FALSE,TRUE,TRUE,TRUE,5778,22405.41667,68.16666667,1071.916667,54.69691667,0.780266204,47333,47.83333333,1330.583333,0.037463375
141,1453805614,idntimes,News & media website,2383028,295,TRUE,TRUE,TRUE,TRUE,3623,8301.75,1.5,254.0833333,1728.397417,0.991820353,45757,65.66666667,3147.166667,-0.961892775
142,188154866,foxnews,Media/news company,8137732,101,FALSE,TRUE,TRUE,TRUE,6929,709401.8333,4053.333333,40150,35.03266667,1.253760746,44075,736.9166667,8707.333333,0.043105076
143,6767160899,diariodetransferenciasdt,News & media website,47051,4817,FALSE,TRUE,TRUE,FALSE,10,11261.6,9.2,1664.8,20.5664,110.0892427,50214,3.5,829.4166667,0.027994708
144,4364480498,hespress,Broadcasting & media production company,5095520,3,FALSE,TRUE,TRUE,TRUE,24076,288630.3333,244.8333333,12857.25,491.96,1.174899057,49193,124.1666667,9272.166667,0.050516781
145,1122852601,koreadispatch,Community,12480323,7,FALSE,TRUE,TRUE,TRUE,3962,276641.9167,237.5833333,72363,304.4209167,17.05519056,40763,1574.333333,185781,0.067083333
146,180686976,vicidolls,Clothing (Brand),1815032,1735,FALSE,TRUE,TRUE,TRUE,105,13271,123,594.8333333,9.463666667,2.060141038,53992,14.25,1631.75,-0.011114089
147,45145019,wwe,Sports league,28005186,297,TRUE,TRUE,TRUE,TRUE,8380,372667.8333,602.9166667,57921.58333,1510.00075,22.99252745,40452,1692.416667,141522.8333,0.009799189
148,340922547,emaratalyoum,,679473,77,FALSE,TRUE,TRUE,TRUE,9557,9529.25,20.83333333,307.6666667,76.09741667,1.322359208,43634,52.75,503.75,0.066298445
149,1657277253,sonytvofficial,,3437338,108,TRUE,TRUE,TRUE,TRUE,31896,25967.5,33.66666667,2646.5,56.25633333,0.098419725,45772,33.83333333,1245,-0.094598959
150,1943340757,ayahlyfans,Athlete,481677,74,FALSE,FALSE,TRUE,FALSE,1850,49473.66667,51.5,4453.666667,71.18583333,6.621631944,40888,19.5,2398.333333,0.180747188
151,1320207,espn,Sports league,25195404,484,TRUE,TRUE,TRUE,TRUE,10188,392460.75,499.8333333,45478.91667,47.52183333,13.63713823,39852,3626.916667,434855.1667,-6.898206019
152,29843797,keaw_jung,,1658545,254,FALSE,FALSE,FALSE,FALSE,3268,17191.25,22.58333333,1849.416667,2011.891,12.21770213,40653,19.41666667,1782.416667,0.187905093
153,17978002,djkhaled,Musician/band,33993304,5408,TRUE,TRUE,TRUE,TRUE,12370,1069821.25,2250.666667,177654.6667,476.3185833,18.25931713,39029,676.3333333,30925.91667,-0.092310517
154,1459940668,rap,Media/news company,11215099,1188,TRUE,FALSE,TRUE,TRUE,8010,701235.5,1133.5,153993.4167,24.51408333,0.733131447,39701,2265,92171.25,-1.8519022
155,1559194779,alkhaleej.ae,Media/news company,202153,8,FALSE,TRUE,TRUE,TRUE,17798,1515.083333,7.25,44.66666667,60.20633333,0.084291004,48510,7.083333333,36.66666667,0.018587135
156,396763356,colorstv,Arts & entertainment,6815319,466,TRUE,FALSE,TRUE,TRUE,24050,100017.8333,208.9166667,11109.58333,74.69825,0.280309523,40506,188.9166667,13613.66667,-0.720396496
157,464968565,khaleejtimes,Product/service,788228,145,FALSE,TRUE,TRUE,TRUE,6635,13032.16667,5.5,464.5833333,331.8541667,0.454539186,44904,9.333333333,933.8333333,0.067078207
158,1450207972,thetinderblog,Just for fun,4177234,1279,FALSE,FALSE,TRUE,FALSE,2549,1266187.333,237.4166667,27603.66667,0.602666667,4.009988426,41614,658.6666667,47081.83333,-0.464390626
159,3054105643,jktinfo,Media/news company,3302822,460,FALSE,FALSE,TRUE,FALSE,3191,875838.0833,2127.083333,54750.25,24.82766667,4.110294725,37431,233.1666667,11107.91667,0.030139963
160,3910607774,routineofnepalbanda,News & media website,1282243,2,FALSE,TRUE,TRUE,FALSE,33,213212.4167,166.25,25296.66667,91.558,5.282994708,43782,60.75,16897.25,0.022024635
161,328994994,alroeya,,109536,1,FALSE,TRUE,TRUE,TRUE,12417,6618.666667,0.416666667,11,91.17933333,2.318787946,41629,1.666666667,24.5,-18.85440972
162,376525195,icc,Sports league,26696142,231,TRUE,TRUE,TRUE,TRUE,4897,844721.0833,510.9166667,208634.3333,72.58533333,8.929018353,37322,1518.583333,240387.25,-5.158871942
163,1075274314,laiguanatv,Media,252058,176,FALSE,FALSE,TRUE,FALSE,5749,1179.166667,3.25,68.75,4090.731917,8.085632522,39866,35.08333333,202.1666667,0.042312912
164,1527886079,detikcom,,4164530,25,TRUE,TRUE,TRUE,TRUE,8910,35216.33333,38.33333333,917.9166667,135.0716667,0.457907242,40838,485.0833333,6891,0.026563575
165,9257271828,theneighborhoodtalk,Entertainment website,1412228,1163,FALSE,TRUE,TRUE,TRUE,12620,142272.9167,422,6464.083333,64.7585,9.944750743,45889,556.75,6662.833333,0.01885739
166,2257731159,entre.nous.official,Blogger,4353696,65,FALSE,FALSE,TRUE,FALSE,9137,189127.8333,359.5,14799.75,24.82741667,5.900084242,69621,1031,11796.41667,0.014545634
167,9816762,nocap,Personal blog,2185793,516,FALSE,TRUE,TRUE,FALSE,1264,194814.75,72.83333333,21474.5,4.06075,0.449049023,3018,40,3191.833333,0.045516781
0,214246291,lahamag,Magazine,1014953,1408,FALSE,FALSE,TRUE,TRUE,13566,2783.166667,2.666666667,64.66666667,733.7569167,7.968308282,36011,8,339.75,0.779855984
0,228269326,flamengo,,17074691,356,TRUE,TRUE,TRUE,TRUE,7987,474045.5,399.5,115021,45.43125,14.93592187,35307,2750.416667,136130.9167,-0.418589866
0,1379830319,eye.on.palestine,Media/news company,3409894,168,FALSE,TRUE,TRUE,FALSE,15749,77475.25,106.75,11352.16667,1665.724667,3.277121279,36164,361.9166667,14812.91667,0.075263226
0,1724977415,samuelsianto,,48612,49,FALSE,FALSE,FALSE,FALSE,2652,245.75,2.666666667,50.75,2425.49725,1.727364335,56525,1.416666667,43.5,0.030183282
0,285538665,elchiringuitotv,TV show,2206813,501,TRUE,TRUE,TRUE,TRUE,20562,97657.25,791.1666667,6994.166667,543.18925,7.755329447,44093,41.83333333,3369.166667,0.034729744
0,12989061896,abnajnews,Digital creator,62057,28,FALSE,FALSE,TRUE,FALSE,35872,1698.166667,0.666666667,72.91666667,328.3491667,0.099308779,39198,0.083333333,22,0.084117393
0,208056689,sayidatynet,Magazine,4487028,4,TRUE,TRUE,TRUE,TRUE,9911,15500.66667,6.916666667,324.0833333,898.5649167,22.96827869,33499,8.916666667,659,-0.127304069
0,3243065952,deals_with_angel,Blogger,207985,85,FALSE,FALSE,TRUE,FALSE,80,17938.25,24.91666667,718.1666667,11.50241667,28.2564995,38131,1.166666667,227.8333333,-0.02857424
0,253649385,titoloshop,Footwear store,993114,1769,TRUE,TRUE,TRUE,TRUE,403,8983,14.5,474.1666667,44.23291667,16.47734011,34879,4.666666667,537,0.333318782
0,9987186,saboskirt,Clothing (Brand),1636941,124,TRUE,TRUE,TRUE,TRUE,739,20386.91667,14.08333333,1018.75,668.8609167,6.365635746,33559,3.666666667,732.5833333,0.103836391
0,22832340,ufc,Sports league,36977863,964,TRUE,TRUE,TRUE,TRUE,9308,1857792.917,1922.666667,269831.9167,27.11333333,14.82675306,31736,668.6666667,97991.5,0.178306133
0,1034599105,onepalon,Personal blog,1333158,237,FALSE,FALSE,TRUE,FALSE,3518,77038.66667,178.3333333,3826.333333,648.99725,34.50530845,31349,325.3333333,3045.083333,0.167724206
0,5828832,berrics,Society & culture website,3002906,3526,FALSE,TRUE,TRUE,TRUE,18493,148320.0833,117.0833333,23144.16667,117.5410833,8.286270171,31794,122.4166667,12923,-0.01116981
0,303211764,yallneedbutera,,104858,5409,FALSE,TRUE,TRUE,FALSE,7759,3260.333333,3,1098.166667,115.59125,6.867459077,30974,4.416666667,729.25,0.343584985
0,1515006242,indiansuperleague,Sports league,1569725,480,TRUE,FALSE,TRUE,TRUE,9780,143696.8333,361.3333333,49609.83333,224.7800833,13.35227819,34548,68.66666667,11699.83333,0.089044725
0,1656061334,nails_masters,Artist,385899,115,FALSE,FALSE,TRUE,FALSE,2999,20590.83333,10.91666667,434.5,68.72183333,37.96646263,31634,73.16666667,118.3333333,0.069979001
0,264699925,okezonecom,News & media website,757560,48,FALSE,TRUE,TRUE,TRUE,4914,24126.75,69.5,990.3333333,47.72916667,0.751898148,34951,87,913.1666667,0.034160465
0,6392150353,chouftv_official,News & media website,3747468,3,TRUE,TRUE,TRUE,TRUE,15815,2302.25,2.75,56.25,1453.499667,2.159720319,37727,8.083333333,296.25,0.007347634
0,1222490168,gazetemagazin,Journalist,2095753,1253,FALSE,FALSE,TRUE,TRUE,5438,624372.6667,777.1666667,12173,38.04116667,0.949648726,28788,1250.083333,10947.5,0.642965112
0,7058250105,sportskeedacricket,Sports,687438,307,FALSE,FALSE,TRUE,TRUE,2162,11691.16667,11.5,2151.416667,318.4051667,4.110692542,39188,248.3333333,35378.25,-2.177330441
0,3465470910,zeetv,Community,2075380,251,TRUE,TRUE,TRUE,TRUE,23095,110704.75,19.41666667,9495.666667,106.7453333,0.209208911,36106,56.66666667,8079.5,-0.012695685
0,553520316,corinthians,Digital creator,9462011,190,TRUE,TRUE,TRUE,TRUE,6274,566691.25,1092.333333,139043.75,62.40058333,12.10415509,28825,6502.583333,152829.75,0.092985283
0,5769514091,jokezar,Discount Store,5191698,523,FALSE,FALSE,TRUE,FALSE,1342,1826711.083,581.75,137219,11.62191667,10.11447917,28310,378.5833333,45994.08333,0.336042741
0,1568588398,ultimahoracol,Media/news company,1887269,42,FALSE,TRUE,TRUE,FALSE,2085,11646.08333,3.75,307.1666667,1699.319917,14.1200148,31006,786.4166667,15374.75,0.039840112
0,1635102636,sosmedmakassar,Media,197025,136,FALSE,FALSE,TRUE,FALSE,4459,11872.5,6.416666667,695.9166667,226.7009167,13.63531895,29461,103.6666667,1907.583333,0.189326801
0,1818816886,indonesiabertauhidofficial,,1553716,76,FALSE,TRUE,TRUE,FALSE,5757,11641.5,2.166666667,895.8333333,194.8965833,19.36126695,27828,2.75,754.6666667,-0.51465683
